INSERT INTO lieux VALUES ('1', 'Gymnase Mios'), ('2', 'Gymnase Salles'), ('3', 'Déplacement Ext');
INSERT INTO statuts VALUES ('1', 'Confirmé'), ('2', 'Provisoire'), ('3', 'Annulé');
INSERT INTO fonctions(id_fonction, libelle_fonction) VALUES ('1', 'Licencie'), ('2', 'Capitaine'), ('3', 'Bureau');
INSERT INTO articles VALUES (1, 'Le 7 décembre dernier, deux de nos équipes jeunes ont été récompensées pour leur saison 2017-2018 : les M11 et les M17G', 'assets/photos/jeunes.jpg', 'Nos jeunes récompensés aux trophées des sport de Mios'), (2, 'Dernier match à domicile pour les soldats de la ruche avant les play-off !', 'assets/photos/54354239_2029157380466760_8289102481154113536_n.jpg', 'ASI Volley'), (3, 'Nos jeunes beacheurs retentent cette année l aventure coupe de France beach.  1er tour le Dimanche 26 mai à Montpellier', 'assets/photos/beach.jpg', 'Coupe de France / Beach Volley moins de 17 ans');
INSERT INTO users(id_user, mdp, username, fonction) VALUES (1, 192, 'etoilemer@free.fr', 1), (2, '$2a$10$CNBYIppKHtTZY94r.Uj4Q.MS8CMiv7aFSsU1WfEmB/45pidWGb4IO', 'dominique.brandelon@wanadoo.fr', 2), (3, 35, 'philippe.carriat@laposte.net', 1), (4, '$2a$10$gu0/JMAOkR8H2Gwqp57BVuhqSZ00ztEDkuty5cFUZ7o.DVS8Gtudu', 'jujuly69@free.fr', 1), (5, 648, 'christellelara@gmail.com', 1), (6, 548, 'bmen.volley@laposte.net', 3), (7, 845, 'c-orazio-asso@laposte.net', 1), (8, 154, 'svtfc@orange.fr', 1), (9, '$2a$10$9ggSq7IKPIfRZsM4rGZQAOOCGYHcEjFm24dtp4y8OLIskrYQi7D9a', 'matthieulondeix@gmail.com', 3), (10, 19, 'yohan.livet@gmail.com', 2), (11, 106, 'mat.raes33@gmail.com', 1), (12, 151, 'theo.laz33@gmail.com', 1), (13, 449, 'lou-guit@hotmail.fr', 1), (14, 246, 'familythiolat@orange.fr', 1), (15, 730, 'patou33260@hotmail.com', 1), (16, 1000, 'bertheuil.jean-noel@neuf.fr', 1), (17, 67, 'karine@imprimerie-nofal.fr', 1), (18, 884, 'mat.sof@free.fr', 1), (19, 405, 'stephane.alamichel@gmail.com', 1), (20, 885, 'a.moucheboeuf@gmail.com', 1), (21, 673, 'florian.beauvois33@gmail.com', 1), (22, 823, 'benjamin.beauvois33@gmail.com', 1), (23, 663, 'clara.gabillard33@gmail.com', 1), (24, 360, 'joffrey.martiren@gmail.com', 1), (25, 772, 'jfroquefere@gmail.com', 1), (26, 34, 'mgervaise15@gmail.com', 1), (27, 107, 'thiolat@orange.fr', 1), (28, 228, 'ambrounette@laposte.net', 1), (29, 397, 'lubosoborcok@gmail.com', 1), (30, 827, 'matthieu.londeix.lp2@gmail.com', 1), (31, 705, 'yoann.pierre.oriou@gmail.com', 1), (32, 605, 'sylvie.liet@orange.fr', 1), (33, 351, 'mipi.frederic@gmail.com', 1), (34, 330, 'lndf2122@mac.com', 1), (35, 342, 'jennyetvincent@hotmail.fr', 1), (36, 523, '1', 1), (37, 172, 'mariethiery@orange.fr', 1), (38, 789, 'ayumu.noda.hallucine@gmail.com', 1), (39, 710, 'laetitia.charlet@yahoo.com', 1), (40, 708, 'carrere.christelle@free.fr', 1), (41, 943, 'ghislain.venant@orange.fr', 1), (42, 877, 'yanlanglois33830@gmail.com', 1), (43, 665, 'vanessa.leicht@orange.fr', 1), (44, 66, 'agadav1972@gmail.com', 1), (45, 301, 'manon-gervaise@hotmail.fr', 1), (46, 835, 'marion.oriou@orange.fr', 1), (47, 16, 'yoann_pierre@hotmail.com', 1), (48, 218, 'claude.froliger@free.fr', 1), (49, 942, 'le.cyril@wanadoo.fr', 1), (50, 283, 'melgil82@gmail.com', 1), (51, 183, 'juju.menager@gmail.com', 1), (52, 797, 'villamana.sophie@wanadoo.fr', 1), (53, 260, 'severine.martiren@gmail.com', 1), (54, 377, 'lcourty@laposte.net', 1), (55, 308, 'boris.berthaut007@orange.fr', 1), (56, 598, 'clemence.pierrot13@gmail.com', 1), (57, 207, 'v-bracchetti@orange.fr', 1), (58, 583, 'emiliegarriga@yahoo.fr', 1), (59, 118, 'mila.b@sfr.fr', 1), (60, 264, 'nanousw@gmail.com', 1), (61, 820, '2', 1), (62, 946, 'audreyjorge@hotmail.com', 1), (63, 782, 'peyrade.benedicte33@gmail.com', 1), (64, 666, 'fabienne.lion3373@gmail.com', 1), (65, 824, 'janvieringrid@gmail.com', 1), (66, 183, 'romain.lamiral@gmail.com', 1), (67, 672, 'lenachat6@gmail.com', 1), (68, 677, 'tfilhos@hotmail.com', 1), (69, 370, 'laurentdevivi@hotmail.com', 1), (70, 692, 'dmasbou@gmail.com', 1), (71, 687, 'emilie.dupuch@outlook.fr', 1), (72, 816, 'contact@calou.eu', 1), (73, 982, 'cattenozfrance@hotmail.fr', 1), (74, 548, 'jean-pascal-duvert@bbox.fr', 1), (75, 321, 'faustinejouannet@orange.fr', 1), (76, 111, 'fouresadrien47@gmail.com', 1), (77, 733, 'stephanie.lefebvre.82@gmail.com', 1), (78, 597, 'rore04@hotmail.com', 1), (79, 988, 'jean-paul.thalus@orange.fr', 1), (80, 79, 'kathydavid33@gmail.com', 1), (81, 128, 's.leveque2911@hotmail.fr', 1), (82, 432, 'carine2705@orange.fr', 1), (83, 828, 'pagesfly@orange.fr', 1), (84, 249, 'laetitia.eyquem.pro@gmail.com', 1), (85, 130, 'cloparisdakar@gmail.com', 1), (86, 797, 'quesnotflo@yahoo.fr', 1), (87, 376, 'thomas.benoits@hotmail.fr', 1), (88, 788, 'ducasse.fabrice@sfr.fr', 1);
INSERT INTO categories (id_categorie,libelle_categoriee,age_max)  VALUES (1, 'M11', 11), (2, 'M13', 13), (3, 'M15', 15), (4, 'M17', 17), (5, 'M20', 20), (6, 'Adultes', 80);
INSERT INTO equipes (id_equipe,libelle_equipe,couleur_equipe,id_categorie) VALUES ('1', 'Open','#FF0000', 6), ('2', 'Loisir 1', '#008080', 6), ('3', 'Loisir 2', '#0000FF', 6), ('4', 'Heitz', '#FF00FF', 6), ('5', 'Coupe Loisir', '#008000', 6), ('6', 'M11', '#000080', 1);
INSERT INTO licence VALUES (1, '', '', 1616661, 90.00, 6), (2, '', '', 34256, 90.00, 6), (3, '', '', 1839628, 90.00, 6), (4, '', '', 1839663, 90.00, 6), (5, '', '', 1842529, 90.00, 6), (6, '', '', 1606548, 90.00, 6), (7, '', '', 1775264, 90.00, 6), (8, '', '', 1896446, 90.00, 6), (9, '', '', 1912120, 90.00, 6), (10, '', '', 2050400, 90.00, 6), (11, '', '', 1946850, 90.00, 6), (12, '', '', 1960073, 90.00, 5), (13, '', '', 1998763, 90.00, 6), (14, '', '', 1995245, 90.00, 5), (15, '', '', 1690651, 90.00, 6), (16, '', '', 2054810, 90.00, 6), (17, '', '', 1344458, 90.00, 6), (18, '', '', 1691609, 90.00, 6), (19, '', '', 2092396, 90.00, 6), (20, '', '', 1773211, 90.00, 6), (21, '', '', 2093647, 90.00, 5), (22, '', '', 2095930, 90.00, 4), (23, '', '', 2031680, 90.00, 1), (24, '', '', 2023361, 90.00, 5), (25, '', '', 2011838, 90.00, 6), (26, '', '', 2140402, 90.00, 4), (27, '', '', 2142427, 90.00, 6), (28, '', '', 2151310, 90.00, 1), (29, '', '', 2189378, 90.00, 6), (30, '', '', 2187050, 90.00, 3), (31, '', '', 2188074, 90.00, 2), (32, '', '', 2188075, 90.00, 1), (33, '', '', 2190453, 90.00, 3), (34, '', '', 2095922, 90.00, 1), (35, '', '', 2190747, 90.00, 3), (36, '', '', 2194497, 90.00, 2), (37, '', '', 2194504, 90.00, 3), (38, '', '', 2239966, 90.00, 6), (39, '', '', 2244822, 90.00, 1), (40, '', '', 1952196, 90.00, 1), (41, '', '', 2256067, 90.00, 4), (42, '', '', 2246708, 90.00, 5), (43, '', '', 2249380, 90.00, 3), (44, '', '', 2080927, 90.00, 1), (45, '', '', 2261348, 90.00, 6), (46, '', '', 2302524, 90.00, 6), (47, '', '', 2302523, 90.00, 6), (48, '', '', 2168489, 90.00, 6), (49, '', '', 2302406, 90.00, 6), (50, '', '', 1754338, 90.00, 6), (51, '', '', 2151321, 90.00, 4), (52, '', '', 2304109, 90.00, 1), (53, '', '', 1842533, 90.00, 6), (54, '', '', 2358182, 90.00, 1), (55, '', '', 2267165, 90.00, 1), (56, '', '', 2190456, 90.00, 1), (57, '', '', 2307141, 90.00, 1), (58, '', '', 1859607, 90.00, 6), (59, '', '', 2307942, 90.00, 1), (60, '', '', 2285135, 90.00, 1), (61, '', '', 2310199, 90.00, 1), (62, '', '', 2310206, 90.00, 1), (63, '', '', 2318284, 90.00, 1), (64, '', '', 2321541, 90.00, 1), (65, '', '', 2324709, 90.00, 1), (66, '', '', 2360313, 90.00, 6), (67, '', '', 1636715, 90.00, 6), (68, '', '', 1908558, 90.00, 6), (69, '', '', 2357133, 90.00, 6), (70, '', '', 2357458, 90.00, 1), (71, '', '', '', 90.00, 1), (72, '', '', 2362369, 90.00, 6), (73, '', '', 2358186, 90.00, 1), (74, '', '', 2358183, 90.00, 1), (75, '', '', 2360304, 90.00, 1), (76, '', '', 1802943, 90.00, 6), (77, '', '', 2360308, 90.00, 1), (78, '', '', 2362372, 90.00, 1), (79, '', '', 2364478, 90.00, 6), (80, '', '', 2373651, 90.00, 1), (81, '', '', 2366666, 90.00, 1), (82, '', '', 2369975, 90.00, 1), (83, '', '', '', 90.00, 1), (84, '', '', '', 90.00, 1), (85, '', '', 1407355, 90.00, 1), (86, '', '', 1407355, 90.00, 6), (87, '', '', 2382988, 90.00, 1), (88, '', '', 2383003, 90.00, 6);
INSERT INTO avoir VALUES (1, 2018, true, 1), (2, 2018, true, 2), (3, 2018, true, 3), (4, 2018, true, 4), (5, 2018, true, 5), (6, 2018, true, 6), (7, 2018, true, 7), (8, 2018, true, 8), (9, 2018, true, 9), (10, 2018, true, 10), (11, 2018, true, 11), (12, 2018, true, 12), (13, 2018, true, 13), (14, 2018, true, 14), (15, 2018, true, 15), (16, 2018, true, 16), (17, 2018, true, 17), (18, 2018, true, 18), (19, 2018, true, 19), (20, 2018, true, 20), (21, 2018, true, 21), (22, 2018, true, 22), (23, 2018, true, 23), (24, 2018, true, 24), (25, 2018, true, 25), (26, 2018, true, 26), (27, 2018, true, 27), (28, 2018, true, 28), (29, 2018, true, 29), (30, 2018, true, 30), (31, 2018, true, 31), (32, 2018, true, 32), (33, 2018, true, 33), (34, 2018, true, 34), (35, 2018, true, 35), (36, 2018, true, 36), (37, 2018, true, 37), (38, 2018, true, 38), (39, 2018, true, 39), (40, 2018, true, 40), (41, 2018, true, 41), (42, 2018, true, 42), (43, 2018, true, 43), (44, 2018, true, 44), (45, 2018, true, 45), (46, 2018, true, 46), (47, 2018, true, 47), (48, 2018, true, 48), (49, 2018, true, 49), (50, 2018, true, 50), (51, 2018, true, 51), (52, 2018, true, 52), (53, 2018, true, 53), (54, 2018, true, 54), (55, 2018, true, 55), (56, 2018, true, 56), (57, 2018, true, 57), (58, 2018, true, 58), (59, 2018, true, 59), (60, 2018, true, 60), (61, 2018, true, 61), (62, 2018, true, 62), (63, 2018, true, 63), (64, 2018, true, 64), (65, 2018, true, 65), (66, 2018, true, 66), (67, 2018, true, 67), (68, 2018, true, 68), (69, 2018, true, 69), (70, 2018, true, 70), (71, 2018, true, 71), (72, 2018, true, 72), (73, 2018, true, 73), (74, 2018, true, 74), (75, 2018, true, 75), (76, 2018, true, 76), (77, 2018, true, 77), (78, 2018, true, 78), (79, 2018, true, 79), (80, 2018, true, 80), (81, 2018, true, 81), (82, 2018, true, 82), (83, 2018, true, 83), (84, 2018, true, 84), (85, 2018, true, 85), (86, 2018, true, 86), (87, 2018, true, 87), (88, 2018, true, 88);
INSERT INTO joueurs(id_joueur,code_postal,date_naissance,mail,nom,numero_adresse,prenom,rue,sexe,telephone_1,telephone_2,ville,id_avoir,id_user) VALUES (1, 33380, '0000-00-00', 'etoilemer@free.fr', 'ANDRE', 1, 'Emmanuel', 'chemin des gassinieres', 'Masculin', 610835832, '', 'MIOS', 1, 1), (2, 33770, '0000-00-00', 'dominique.brandelon@wanadoo.fr', 'BRANDELON', 23, 'Dominique', 'rue des hautes landes', 'Masculin', 556882572, 663661690, 'SALLES', 2, 2), (3, 33380, '0000-00-00', 'philippe.carriat@laposte.net', 'CARRIAT', 6, 'Philippe', 'route de Florence', 'Masculin', 609213354, '', 'LACANAU DE MIOS', 3, 3), (4, 33380, '0000-00-00', 'jujuly69@free.fr', 'GUERIN', 1, 'Julie', 'chemin des gassinieres', 'Féminin', 607193344, '', 'MIOS', 4, 4), (5, 33830, '0000-00-00', 'christellelara@gmail.com', 'LANGLOIS', 1, 'Christelle', 'Allee du Tintoun', 'Féminin', 674489805, '', 'BELIN BELIET', 5, 5), (6, 33380, '0000-00-00', 'bmen.volley@laposte.net', 'MENAGER', 20, 'Bruno', 'rue des grépins', 'Masculin', 666160631, '', 'MIOS', 6, 6), (7, 33380, '0000-00-00', 'c-orazio-asso@laposte.net', 'ORAZIO', 2, 'Christophe', 'chemin du roux', 'Masculin', 625105351, '', 'MIOS', 7, 7), (8, 33380, '0000-00-00', 'svtfc@orange.fr', 'FRANCOIS', 6, 'Thierry', 'rue de Garrot', 'Masculin', 664183835, '', 'LACANAU DE MIOS', 8, 8), (9, 33770, '1981-05-19', 'matthieulondeix@gmail.com', 'LONDEIX', 23, 'Matthieu', 'rue du hapchot', 'Masculin', 664203054, '', 'SALLES', 9, 9), (10, 33380, '0000-00-00', 'yohan.livet@gmail.com', 'DEILHES', 56, 'Yohan', 'rue de testarouch', 'Masculin', 684035589, '', 'LACANAU DE MIOS', 10, 10), (11, 33770, '0000-00-00', 'mat.raes33@gmail.com', 'RAES', 9, 'Matthieu', 'place st Pierre, app1', 'Masculin', 637472984, '', 'SALLES', 11, 11), (12, 33770, '0000-00-00', 'theo.laz33@gmail.com', 'LAZ', 60, 'Theo', 'route de Peybideau', 'Masculin', 781903211, '', 'SALLES', 12, 12), (13, 33770, '0000-00-00', 'lou-guit@hotmail.fr', 'GUITOU', 12, 'Cyril', 'quater chemin du Pujeau', 'Masculin', 778871088, '', 'SALLES', 13, 13), (14, 33770, '0000-00-00', 'familythiolat@orange.fr', 'THIOLAT', 15, 'Sarah', 'Parc de taudignon', 'Féminin', 557712864, '', 'SALLES', 14, 14), (15, 33470, '0000-00-00', 'patou33260@hotmail.com', 'HAZERA', 2, 'Adrien', 'rue de mathega, res le clos de mathega, app A2', 'Masculin', 680380050, '', 'Le TEICH', 15, 15), (16, 33770, '0000-00-00', 'bertheuil.jean-noel@neuf.fr', 'BERTHEUIL', 8, 'Jean-Noel', 'Chemin de Pechon', 'Masculin', 635535534, '', 'SALLES', 16, 16), (17, 33470, '0000-00-00', 'karine@imprimerie-nofal.fr', 'GERVAISE', 68, 'Karine', 'rue de Balanos', 'Féminin', 679488467, '', 'Le TEICH', 17, 17), (18, 33380, '0000-00-00', 'mat.sof@free.fr', 'RICHARD', 15, 'Sophie', 'route de moura', 'Féminin', 682017968, '', 'MIOS', 18, 18), (19, 33380, '0000-00-00', 'stephane.alamichel@gmail.com', 'ALAMICHEL', 5, 'Stephane', 'chemin de Brandemale', 'Masculin', 695260386, '', 'BELIN BELIET', 19, 19), (20, 33770, '0000-00-00', 'a.moucheboeuf@gmail.com', 'MOUCHEBOEUF', 34, 'Anais', 'route de l Argileyre', 'Féminin', 618945602, '', 'SALLES', 20, 20), (21, 33770, '0000-00-00', 'florian.beauvois33@gmail.com', 'BEAUVOIS', 3, 'Florian', ' ter route jean de jeanne', 'Masculin', 769891341, 769891341, 'SALLES', 21, 21), (22, 33770, '0000-00-00', 'benjamin.beauvois33@gmail.com', 'BEAUVOIS', 3, 'Benjamin', 'ter jean de jeanne', 'Masculin', 556200329, '', 'SALLES', 22, 22), (23, 33770, '0000-00-00', 'clara.gabillard33@gmail.com', 'GABILLARD', 49, 'Clara', 'bis rue du château', 'Féminin', 610871350, 620383990, 'SALLES', 23, 23), (24, 33770, '0000-00-00', 'joffrey.martiren@gmail.com', 'MARTIREN', 20, 'Joffrey', 'bis chemin de calvin', 'Masculin', 611494592, '', 'SALLES', 24, 24), (25, 33114, '0000-00-00', 'jfroquefere@gmail.com', 'ROQUEFERE', 17, 'Jean-François', 'rue lou Labevic', 'Masculin', 656741409, '', 'LE BARP', 25, 25), (26, 33470, '0000-00-00', 'mgervaise15@gmail.com', 'GERVAISE', 68, 'Morgane', 'rue de Balanos', 'Féminin', 667617503, '', 'Le TEICH', 26, 26), (27, 33770, '0000-00-00', 'familythiolat@orange.fr', 'THIOLAT', 15, 'Denis', 'Parc de taudignon', 'Masculin', 614397814, '', 'SALLES', 27, 27), (28, 33380, '0000-00-00', 'ambrounette@laposte.net', 'ORAZIO', 2, 'Ambre', ' chemin du roux', 'Féminin', 625105351, '', 'MIOS', 28, 28), (29, 33380, '0000-00-00', 'lubosoborcok@gmail.com', 'OBORCOK', 2, 'Lubos', 'A chemin des Rouberts', 'Masculin', 641403485, '', 'MIOS', 29, 29), (30, 33770, '0000-00-00', 'matthieulondeix@gmail.com', 'LONDEIX', 23, 'Tyfenn', 'rue du hapchot', 'Féminin', 664203054, '', 'SALLES', 30, 30), (31, 33770, '0000-00-00', 'yoann.pierre.oriou@gmail.com', 'PIERRE ORIOU', 45, 'Charlotte', 'Q route de Beguey', 'Féminin', 683362430, 651786921, 'SALLES', 31, 31), (32, 33770, '0000-00-00', 'sylvie.liet@orange.fr', 'LIET', 40, 'Anais', 'rue du notaire', 'Féminin', 685614164, '', 'SALLES', 32, 32), (33, 33380, '0000-00-00', 'mipi.frederic@gmail.com', 'ICHER', 1, 'Manon', 'allée de saint Brice', 'Féminin', 679334142, '', 'MIOS', 33, 33), (34, 33380, '0000-00-00', 'lndf2122@mac.com', 'BOUILLET', 25, 'Flore', 'bis rue de curchade', 'Féminin', 676640916, 678076205, 'MIOS', 34, 34), (35, 33770, '0000-00-00', 'jennyetvincent@hotmail.fr', 'LABAT', 19, 'Emma', 'lotissement le Broustey', 'Féminin', 660685518, '', 'SALLES', 35, 35), (36, 33770, '0000-00-00', '', 'DUCASSE', 9, 'Jeanne', 'route de Perrin', 'Féminin', 556887097, 688269963, 'SALLES', 36, 36), (37, 33770, '0000-00-00', 'mariethiery@orange.fr', 'MICHOT', 7, 'Rose', 'route de bilos', 'Féminin', 608827430, '', 'SALLES', 37, 37), (38, 40160, '0000-00-00', 'ayumu.noda.hallucine@gmail.com', 'NODA', 380, 'Ayumu', 'route Théophile Gautier', 'Masculin', 783573179, '', 'PARENTIS', 38, 38), (39, 33380, '0000-00-00', 'laetitia.charlet@yahoo.com', 'CHARLET', 13, 'Axel', 'allée de caussat', 'Masculin', 664776534, '', 'MIOS', 39, 39), (40, 33770, '0000-00-00', 'carrere.christelle@free.fr', 'BELIN', 9, 'Louenn', 'ter jean toulic', 'Masculin', 670732240, 782028698, 'SALLES', 40, 40), (41, 33770, '0000-00-00', 'ghislain.venant@orange.fr', 'VENANT', 4, 'Lyam', 'lot le parc de Taudignon', 'Masculin', 698109140, '', 'SALLES', 41, 41), (42, 33830, '0000-00-00', 'yanlanglois33830@gmail.com', 'LANGLOIS', 1, 'Yan', 'Allee du Tintoun', 'Masculin', 674489805, '', 'BELIN BELIET', 42, 42), (43, 33770, '0000-00-00', 'vanessa.leicht@orange.fr', 'DIET-LEICHT', 32, 'Laura', 'parc de Taudignon', 'Féminin', 614282491, '', 'SALLES', 43, 43), (44, 33770, '0000-00-00', 'agadav1972@gmail.com', 'DAVID', 57, 'Julia', 'route du lanot', 'Féminin', 630644743, '', 'SALLES', 44, 44), (45, 33470, '0000-00-00', 'manon-gervaise@hotmail.fr', 'GERVAISE', 68, 'Manon', 'rue de Balanos', 'Féminin', 557523207, 683828391, 'Le TEICH', 45, 45), (46, 33770, '0000-00-00', 'marion.oriou@orange.fr', 'PIERRE ORIOU', 45, 'Marion', 'Q route de Beguey', 'Féminin', 683362430, '', 'SALLES', 46, 46), (47, 33770, '0000-00-00', 'yoann_pierre@hotmail.com', 'PIERRE ORIOU', 45, 'Yoann', 'Q route de Beguey', 'Masculin', 651786921, '', 'SALLES', 47, 47), (48, 33380, '0000-00-00', 'claude.froliger@free.fr', 'FROLIGER', 00, 'Claude', '', 'Masculin', 695182694, '', '', 48, 48), (49, 33380, '0000-00-00', 'le.cyril@wanadoo.fr', 'LE', 5, 'Cyril', 'B rue des argileyres', 'Masculin', 610081602, '', 'MIOS', 49, 49), (50, 33380, '0000-00-00', 'melgil82@gmail.com', 'GILLARD', 5, 'Mélanie', 'B rue des argileyres', 'Féminin', 612733323, '', 'MIOS', 50, 50), (51, 33380, '0000-00-00', 'juju.menager@gmail.com', 'MENAGER', 20, 'Julie', 'rue des grépins', 'Féminin', 666160631, '', 'MIOS', 51, 51), (52, 33770, '0000-00-00', 'villamana.sophie@wanadoo.fr', 'GUEHO', 48, 'Anne', 'route de bisos', 'Féminin', 685717159, 556884410, 'SALLES', 52, 52), (53, 33770, '0000-00-00', 'severine.martiren@gmail.com', 'MARTIREN', 20, 'Severine', 'bis chemin de calvin', 'Féminin', 556887919, 611494592, 'SALLES', 53, 53), (54, 33770, '0000-00-00', 'lcourty@laposte.net', 'HARRIBEY', 23, 'Melisse', 'bis route de la mole', 'Féminin', 620539663, '', 'SALLES', 54, 54), (55, 33470, '0000-00-00', 'boris.berthaut007@orange.fr', 'BERTHAUT', 77, 'Lila', 'sotogrande', 'Féminin', '', '', 'GUJAN', 55, 55), (56, 33380, '0000-00-00', 'clemence.pierrot13@gmail.com', 'PIERROT', 49, 'Clemence', 'avenue de la libération', 'Féminin', 984572819, 687772416, 'MIOS', 56, 56), (57, 33830, '0000-00-00', 'v-bracchetti@orange.fr', 'BRACCHETTI', 49, 'Jasmine', 'rue abbé gaillard', 'Féminin', 556887218, 768411944, 'BELIN BELIET', 57, 57), (58, 33380, '0000-00-00', 'emiliegarriga@yahoo.fr', 'GARRIGA', 9, 'Emilie', 'Rue d’Andron', 'Féminin', '', '', 'MIOS', 58, 58), (59, 33770, '0000-00-00', 'mila.b@sfr.fr', 'BERTHEUIL', 8, 'Mila', 'Chemin de Pechon', 'Féminin', 635535534, '', 'SALLES', 59, 59), (60, 33830, '0000-00-00', 'nanousw@gmail.com', 'SARACENO', 1, 'Julia', 'allée des chênes', 'Féminin', 622306705, '', 'BELIN BELIET', 60, 60), (61, 33380, '0000-00-00', '', 'DUVERT', 24, 'Liloye', 'bis route de Castendet', 'Féminin', 660489475, '', 'MIOS', 61, 61), (62, 33380, '0000-00-00', 'audreyjorge@hotmail.com', 'SANABRIA', 11, 'Noémie', 'rue de la rivière', 'Féminin', 675017319, '', 'MIOS', 62, 62), (63, 33770, '0000-00-00', 'peyrade.benedicte33@gmail.com', 'PEYRADE', 00, 'Romane', '', 'Féminin', 664302969, '', 'SALLES', 63, 63), (64, 33770, '0000-00-00', 'fabienne.lion3373@gmail.com', 'LION', 7, 'Louise', 'chemin du sargent', 'Féminin', 643921533, '', 'SALLES', 64, 64), (65, 33770, '0000-00-00', 'janvieringrid@gmail.com', 'JANVIER', 00, 'Ilona', '', 'Féminin', 675235387, 685726551, 'SALLES', 65, 65), (66, 33380, '0000-00-00', 'romain.lamiral@gmail.com', 'LAMIRAL', 17, 'Romain', 'rue germaine tillion', 'Masculin', 624029352, '', 'MIOS', 66, 66), (67, 33114, '0000-00-00', 'lenachat6@gmail.com', 'CHATAIGNER', 69, 'Lenaïg', 'chemin du Tutou, Résidence l orée du parc Apt 205', 'Féminin', 659084282, '', 'LE BARP', 67, 67), (68, 33470, '0000-00-00', 'tfilhos@hotmail.com', 'FILHOS', 37, 'Thomas', 'rue du marechal joffre', 'Masculin', 687479093, '', 'GUJAN MESTRAS', 68, 68), (69, 33114, '0000-00-00', 'laurentdevivi@hotmail.com', 'GHINZONE', 2, 'Laurent', 'allée des Coquelicots', 'Masculin', 618652283, '', 'LE BARP', 69, 69), (70, 33770, '0000-00-00', 'dmasbou@gmail.com', 'MASBOU', 6, 'Marcus', 'rue Pierre Deycard', 'Masculin', '', '', 'SALLES', 70, 70), (71, 33380, '0000-00-00', 'emilie.dupuch@outlook.fr', 'DUPUCH', 00, 'Emilie', '', 'Féminin', 667109379, '', '', 71, 71), (72, 33470, '0000-00-00', 'contact@calou.eu', 'BOURGEOIS', 44, 'Pascal', 'B  rue de Balanos', 'Masculin', 695364794, '', 'Le TEICH', 72, 72), (73, 33770, '0000-00-00', 'cattenozfrance@hotmail.fr', 'OLLIVIER', 35, 'Lou', 'bis route Jean de Jeanne', 'Féminin', 676815468, '', 'SALLES', 73, 73), (74, 33380, '0000-00-00', 'jean-pascal-duvert@bbox.fr', 'DUVERT', 24, 'Catherine', 'bis route de Castendet', 'Féminin', 660489475, '', 'MIOS', 74, 74), (75, 33770, '0000-00-00', 'faustinejouannet@orange.fr', 'JOUANNET', 61, 'Faustine', 'route de badet', 'Féminin', 787697141, '', 'SALLES', 75, 75), (76, 33380, '0000-00-00', 'fouresadrien47@gmail.com', 'FOURES', 6, 'Adrien', 'rue du père azaïs', 'Masculin', 608302774, '', 'MIOS', 76, 76), (77, 33830, '0000-00-00', 'stephanie.lefebvre.82@gmail.com', 'LEFEBVRE', 19, 'Flora', 'BIS avenue du GRAOUX', 'Féminin', 617360379, '', 'BELIN BELIET', 77, 77), (78, 33380, '0000-00-00', 'rore04@hotmail.com', 'CLEMENT', 11, 'Audrey', 'rue de la rivière', 'Féminin', 675017319, '', 'MIOS', 78, 78), (79, 33770, '0000-00-00', 'jean-paul.thalus@orange.fr', 'THALUS', 14, 'Jean-Paul', 'résidence Le Broustey', 'Masculin', 670963155, '', 'SALLES', 79, 79), (80, 33470, '0000-00-00', 'kathydavid33@gmail.com', 'MARTIN', 61, 'Léa', 'cours de la marne', 'Féminin', 768648787, '', 'gujan mestras', 80, 80), (81, 33770, '0000-00-00', 's.leveque2911@hotmail.fr', 'LEVEQUE', 5, 'Quentin', 'place de la Carreyre', 'Masculin', 613383436, '', 'SALLES', 81, 81), (82, 33770, '0000-00-00', 'carine2705@orange.fr', 'LENEZ', 9, 'Elyne', 'C chemin du Jin', 'Féminin', 613017338, '', 'SALLES', 82, 82), (83, 33470, '0000-00-00', 'pagesfly@orange.fr', 'PAGES', 23, 'Eric', 'ter Allée du Haurat', 'Masculin', 671289422, '', 'GUJAN MESTRAS', 83, 83), (84, 33470, '0000-00-00', 'laetitia.eyquem.pro@gmail.com', 'EYQUEM', 23, 'Laetitia', 'ter Allée du Haurat', 'Féminin', 689103101, '', 'GUJAN MESTRAS', 84, 84), (85, 33380, '0000-00-00', 'cloparisdakar@gmail.com', 'QUESNOT', 38, 'Enzo', 'B route de craque', 'Masculin', 614809166, '', 'MIOS', 85, 85), (86, 33380, '0000-00-00', 'quesnotflo@yahoo.fr', 'QUESNOT', 38, 'Florian', 'B route de craque', 'Masculin', 610642866, '', 'MIOS', 86, 86), (87, 33380, '0000-00-00', 'thomas.benoits@hotmail.fr', 'BENOITS', 21, 'Thomas', 'Avenue Pierre Raymond', 'Masculin', 670295107, '', 'MARCHEPRIME', 87, 87), (88, 33770, '0000-00-00', 'ducasse.fabrice@sfr.fr', 'DUCASSE', 9, 'Fabrice', 'route de Perrin', 'Masculin', 619454394, '', 'SALLES', 88, 88);
INSERT INTO equipes_joueurs VALUES (1, 1), (1, 2), (3, 3), (3, 5);
INSERT INTO horaire VALUES (1, '2019-05-19 20:00:00'), (2, '2018-03-09 20:30:00');
INSERT INTO creneau VALUES (1, 'mercredi',4), (2, 'vendredi',5);
INSERT INTO agenda VALUES (1), (2);
INSERT INTO manifestations VALUES (1, '2019-05-13 20:30:00', 'match', 3, 1, 1), (2, '2019-05-15 20:20:00', 'entrainement', 1, 2, 2), (3, '2019-05-18 21:00:00', 'match', 1, 2, 1);
INSERT INTO disponibilite VALUES (1, 'Disponible', 1), (2, 'Disponible si nécessaire', 1), (3, 'Indisponible', 0), (4, 'Sélectionné(e)', 1), (5, 'Absent(e)', 0), (6, 'Ne sait pas encore', 1), (7, 'Présent(e)', 1), (8, 'Présent(e) à 2', 2);
TRUNCATE TABLE hibernate_sequence;
INSERT INTO hibernate_sequence VALUES (200);